FID,la_s_code,local_authority,area_name,byelaw,date_designated,url,sh_src_id,sh_src,sh_date_uploaded
pub_apa.1,S12000034,Aberdeenshire,Fraserburgh,The Aberdeenshire Council Prohibition of Consumption of Alcohol in Designated Public Places (Fraserburgh) Byelaws 2006,2018-03-19,https://www.aberdeenshire.gov.uk/media/17749/fraserburgh-alcohol-byelaws.pdf,39,deafa3bc-830e-47d6-9333-d96e1138a246,2019-04-12
pub_apa.2,S12000034,Aberdeenshire,Peterhead,The Aberdeenshire Council Prohibition of Consumption of Alcohol in Designated Public Places (Peterhead) Byelaws 2011,2018-03-19,https://www.aberdeenshire.gov.uk/media/17753/peterhead-alcohol-byelaws-revised.pdf,40,deafa3bc-830e-47d6-9333-d96e1138a246,2019-04-12
pub_apa.3,S12000041,Angus,,,,,167,0833d165-ef17-44d5-a233-e3b60dd9a216,2025-10-27
pub_apa.4,S12000041,Angus,,,,,169,0833d165-ef17-44d5-a233-e3b60dd9a216,2025-10-27
pub_apa.5,S12000041,Angus,,,,,168,0833d165-ef17-44d5-a233-e3b60dd9a216,2025-10-27
pub_apa.6,S12000041,Angus,,,,,164,0833d165-ef17-44d5-a233-e3b60dd9a216,2025-10-27
pub_apa.7,S12000041,Angus,,,,,170,0833d165-ef17-44d5-a233-e3b60dd9a216,2025-10-27
pub_apa.8,S12000041,Angus,,,,,166,0833d165-ef17-44d5-a233-e3b60dd9a216,2025-10-27
pub_apa.9,S12000041,Angus,,,,,165,0833d165-ef17-44d5-a233-e3b60dd9a216,2025-10-27
pub_apa.10,S12000035,Argyll and Bute,Arrochar,,,https://www.argyll-bute.gov.uk/public-drinking-byelaws,49,c39c0204-10ee-4db0-9ad5-2ba612a1222c,2017-05-19
pub_apa.11,S12000035,Argyll and Bute,Bowmore,,,https://www.argyll-bute.gov.uk/public-drinking-byelaws,48,c39c0204-10ee-4db0-9ad5-2ba612a1222c,2017-05-19
pub_apa.12,S12000035,Argyll and Bute,Campbeltown,,,https://www.argyll-bute.gov.uk/public-drinking-byelaws,42,c39c0204-10ee-4db0-9ad5-2ba612a1222c,2017-05-19
pub_apa.13,S12000035,Argyll and Bute,Cardross,,,https://www.argyll-bute.gov.uk/public-drinking-byelaws,50,c39c0204-10ee-4db0-9ad5-2ba612a1222c,2017-05-19
pub_apa.14,S12000035,Argyll and Bute,Duck Bay,,,https://www.argyll-bute.gov.uk/public-drinking-byelaws,51,c39c0204-10ee-4db0-9ad5-2ba612a1222c,2017-05-19
pub_apa.15,S12000035,Argyll and Bute,Dunoon,,,https://www.argyll-bute.gov.uk/public-drinking-byelaws,52,c39c0204-10ee-4db0-9ad5-2ba612a1222c,2017-05-19
pub_apa.16,S12000035,Argyll and Bute,Garelochhead,,,https://www.argyll-bute.gov.uk/public-drinking-byelaws,53,c39c0204-10ee-4db0-9ad5-2ba612a1222c,2017-05-19
pub_apa.17,S12000035,Argyll and Bute,Helensburgh,,,https://www.argyll-bute.gov.uk/public-drinking-byelaws,54,c39c0204-10ee-4db0-9ad5-2ba612a1222c,2017-05-19
pub_apa.157,S12000048,Perth and Kinross,Blairgowrie Wellmeadow,,,,37,3856849d-5152-44d1-9f16-322747509779,2019-03-22
pub_apa.18,S12000035,Argyll and Bute,Kilcreggan,,,https://www.argyll-bute.gov.uk/public-drinking-byelaws,55,c39c0204-10ee-4db0-9ad5-2ba612a1222c,2017-05-19
pub_apa.19,S12000035,Argyll and Bute,Lochgilphead,,,https://www.argyll-bute.gov.uk/public-drinking-byelaws,46,c39c0204-10ee-4db0-9ad5-2ba612a1222c,2017-05-19
pub_apa.20,S12000035,Argyll and Bute,Luss,,,https://www.argyll-bute.gov.uk/public-drinking-byelaws,44,c39c0204-10ee-4db0-9ad5-2ba612a1222c,2017-05-19
pub_apa.21,S12000035,Argyll and Bute,Oban,,,https://www.argyll-bute.gov.uk/public-drinking-byelaws,47,c39c0204-10ee-4db0-9ad5-2ba612a1222c,2017-05-19
pub_apa.22,S12000035,Argyll and Bute,Port Ellen,,,https://www.argyll-bute.gov.uk/public-drinking-byelaws,43,c39c0204-10ee-4db0-9ad5-2ba612a1222c,2017-05-19
pub_apa.23,S12000035,Argyll and Bute,Rosneath,,,https://www.argyll-bute.gov.uk/public-drinking-byelaws,41,c39c0204-10ee-4db0-9ad5-2ba612a1222c,2017-05-19
pub_apa.31,S12000010,East Lothian,Aberlady,Prohibiting Consumption of Alcoholic Drink in Designated Public Places,2007-05-01,,14,2dd67dd3-af37-4d4e-94a7-d749c6621bf7,2017-08-21
pub_apa.45,S12000011,East Renfrewshire,Eaglesham,,,,19,5d5dd161-843b-413a-822d-d264b1647151,2017-03-15
pub_apa.74,S12000021,North Ayrshire,Beith,,,,106,377f76d6-e735-4f0c-a817-8689a80d3126,2025-10-27
pub_apa.27,S12000005,Clackmannanshire,Alva,The Clackmannanshire Council Prohibition of Consumption of Alcohol in Designated Public Places Byelaws 1997,1998-01-05,https://www.clacks.gov.uk/site/documents/licensing/byelawstheclackmannanshirecouncilbyelawsprohibitingconsumptionofalcoholindesignatedpublicplaces,171,06899efc-ea6d-4be2-abc7-b889be82b076,2025-10-27
pub_apa.33,S12000010,East Lothian,Dirleton,Prohibiting Consumption of Alcoholic Drink in Designated Public Places,2007-05-01,,13,2dd67dd3-af37-4d4e-94a7-d749c6621bf7,2017-08-21
pub_apa.59,S12000014,Falkirk,Skinflats,,,,41,24f2210b-fa14-43d4-aee3-cc62d21d15d8,2025-10-27
pub_apa.24,S12000035,Argyll and Bute,Rothesay,,,https://www.argyll-bute.gov.uk/public-drinking-byelaws,45,c39c0204-10ee-4db0-9ad5-2ba612a1222c,2017-05-19
pub_apa.25,S12000036,City of Edinburgh,City of Edinburgh,,,,56,fd6129ba-796e-4ba9-b00f-1ee5178afa44,2018-08-15
pub_apa.26,S12000005,Clackmannanshire,"Alloa, Tullibody and Clackmannan",The Clackmannanshire Council Prohibition of Consumption of Alcohol in Designated Public Places Byelaws 1997,1998-01-05,https://www.clacks.gov.uk/site/documents/licensing/byelawstheclackmannanshirecouncilbyelawsprohibitingconsumptionofalcoholindesignatedpublicplaces,174,06899efc-ea6d-4be2-abc7-b889be82b076,2025-10-27
pub_apa.34,S12000010,East Lothian,Dunbar,Prohibiting Consumption of Alcoholic Drink in Designated Public Places,2007-05-01,,12,2dd67dd3-af37-4d4e-94a7-d749c6621bf7,2017-08-21
pub_apa.35,S12000010,East Lothian,Gullane,Prohibiting Consumption of Alcoholic Drink in Designated Public Places,2007-05-01,,11,2dd67dd3-af37-4d4e-94a7-d749c6621bf7,2017-08-21
pub_apa.36,S12000010,East Lothian,Haddington,Prohibiting Consumption of Alcoholic Drink in Designated Public Places,2007-05-07,,5,2dd67dd3-af37-4d4e-94a7-d749c6621bf7,2017-08-21
pub_apa.37,S12000010,East Lothian,Macmerry,Prohibiting Consumption of Alcoholic Drink in Designated Public Places,2007-05-01,,10,2dd67dd3-af37-4d4e-94a7-d749c6621bf7,2017-08-21
pub_apa.28,S12000005,Clackmannanshire,Menstrie,The Clackmannanshire Council Prohibition of Consumption of Alcohol in Designated Public Places Byelaws 1997,1998-01-05,https://www.clacks.gov.uk/site/documents/licensing/byelawstheclackmannanshirecouncilbyelawsprohibitingconsumptionofalcoholindesignatedpublicplaces,172,06899efc-ea6d-4be2-abc7-b889be82b076,2025-10-27
pub_apa.29,S12000005,Clackmannanshire,Tillicoultry and Dollar,The Clackmannanshire Council Prohibition of Consumption of Alcohol in Designated Public Places Byelaws 1997,1998-01-05,https://www.clacks.gov.uk/site/documents/licensing/byelawstheclackmannanshirecouncilbyelawsprohibitingconsumptionofalcoholindesignatedpublicplaces,173,06899efc-ea6d-4be2-abc7-b889be82b076,2025-10-27
pub_apa.30,S12000042,Dundee City,,,,,58,2e4b25ea-ac13-4875-bbe1-fb657f6b96ef,2023-06-20
pub_apa.55,S12000014,Falkirk,Dunmore,,,,31,24f2210b-fa14-43d4-aee3-cc62d21d15d8,2025-10-27
pub_apa.32,S12000010,East Lothian,Cockenzie & Longniddry,Prohibiting Consumption of Alcoholic Drink in Designated Public Places,,,2,2dd67dd3-af37-4d4e-94a7-d749c6621bf7,2017-08-21
pub_apa.38,S12000010,East Lothian,Musselburgh,Prohibiting Consumption of Alcoholic Drink in Designated Public Places,2001-09-04,,6,2dd67dd3-af37-4d4e-94a7-d749c6621bf7,2017-08-21
pub_apa.41,S12000010,East Lothian,Prestonpans,Prohibiting Consumption of Alcoholic Drink in Designated Public Places,2000-06-13,,7,2dd67dd3-af37-4d4e-94a7-d749c6621bf7,2017-08-21
pub_apa.42,S12000010,East Lothian,Tranent,Prohibiting Consumption of Alcoholic Drink in Designated Public Places,2007-05-01,,9,2dd67dd3-af37-4d4e-94a7-d749c6621bf7,2017-08-21
pub_apa.43,S12000010,East Lothian,Wallyford,Prohibiting Consumption of Alcoholic Drink in Designated Public Places,2007-05-01,,8,2dd67dd3-af37-4d4e-94a7-d749c6621bf7,2017-08-21
pub_apa.44,S12000011,East Renfrewshire,Barrhead,,,,15,5d5dd161-843b-413a-822d-d264b1647151,2017-03-15
pub_apa.39,S12000010,East Lothian,North Berwick,Prohibiting Consumption of Alcoholic Drink in Designated Public Places,2002-01-15,,4,2dd67dd3-af37-4d4e-94a7-d749c6621bf7,2017-08-21
pub_apa.40,S12000010,East Lothian,Ormiston,Prohibiting Consumption of Alcoholic Drink in Designated Public Places,1999-11-11,,3,2dd67dd3-af37-4d4e-94a7-d749c6621bf7,2017-08-21
pub_apa.46,S12000011,East Renfrewshire,Neilston,,,,16,5d5dd161-843b-413a-822d-d264b1647151,2017-03-15
pub_apa.47,S12000011,East Renfrewshire,Thornliebank Giffnock Clarkston Busby Netherlee Stamperland and Newton Mearns,,,,18,5d5dd161-843b-413a-822d-d264b1647151,2017-03-15
pub_apa.48,S12000011,East Renfrewshire,Uplawmoor,,,,17,5d5dd161-843b-413a-822d-d264b1647151,2017-03-15
pub_apa.49,S12000011,East Renfrewshire,Waterfoot,,,,20,5d5dd161-843b-413a-822d-d264b1647151,2017-03-15
pub_apa.50,S12000014,Falkirk,Airth,,,,32,24f2210b-fa14-43d4-aee3-cc62d21d15d8,2025-10-27
pub_apa.51,S12000014,Falkirk,Avonbridge,,,,39,24f2210b-fa14-43d4-aee3-cc62d21d15d8,2025-10-27
pub_apa.52,S12000014,Falkirk,Blackness,,,,43,24f2210b-fa14-43d4-aee3-cc62d21d15d8,2025-10-27
pub_apa.53,S12000014,Falkirk,Boness,,,,44,24f2210b-fa14-43d4-aee3-cc62d21d15d8,2025-10-27
pub_apa.54,S12000014,Falkirk,California,,,,36,24f2210b-fa14-43d4-aee3-cc62d21d15d8,2025-10-27
pub_apa.56,S12000014,Falkirk,Falkirk Town and Surrounding Villages,,,,42,24f2210b-fa14-43d4-aee3-cc62d21d15d8,2025-10-27
pub_apa.57,S12000014,Falkirk,Greenhill,,,,33,24f2210b-fa14-43d4-aee3-cc62d21d15d8,2025-10-27
pub_apa.58,S12000014,Falkirk,Limerigg,,,,40,24f2210b-fa14-43d4-aee3-cc62d21d15d8,2025-10-27
pub_apa.60,S12000014,Falkirk,Slamannan,,,,38,24f2210b-fa14-43d4-aee3-cc62d21d15d8,2025-10-27
pub_apa.61,S12000014,Falkirk,Standburn,,,,34,24f2210b-fa14-43d4-aee3-cc62d21d15d8,2025-10-27
pub_apa.62,S12000014,Falkirk,The Loan and Muiravonside Country Park,,,,45,24f2210b-fa14-43d4-aee3-cc62d21d15d8,2025-10-27
pub_apa.63,S12000014,Falkirk,Torwood,,,,37,24f2210b-fa14-43d4-aee3-cc62d21d15d8,2025-10-27
pub_apa.78,S12000021,North Ayrshire,Catacol,,,,115,377f76d6-e735-4f0c-a817-8689a80d3126,2025-10-27
pub_apa.64,S12000014,Falkirk,Whitecross,,,,35,24f2210b-fa14-43d4-aee3-cc62d21d15d8,2025-10-27
pub_apa.65,S12000049,Glasgow City,,Prohibiting Consumption of Alcoholic Liquor in Designated Places,,https://www.glasgow.gov.uk/CHttpHandler.ashx?id=19695&p=0,22,fcb4274e-0994-4e90-99fd-11961a52f2c5,2018-01-17
pub_apa.67,S12000020,Moray,Elgin,,1998-06-01,http://www.moray.gov.uk/moray_standard/page_86769.html,90,7ca6c1b6-e474-4220-8700-cbe1873c757c,2025-10-27
pub_apa.80,S12000021,North Ayrshire,Cunninghamehead,,,,104,377f76d6-e735-4f0c-a817-8689a80d3126,2025-10-27
pub_apa.104,S12000021,North Ayrshire,Springside,,,,105,377f76d6-e735-4f0c-a817-8689a80d3126,2025-10-27
pub_apa.66,S12000020,Moray,Buckie,,1998-06-01,http://www.moray.gov.uk/moray_standard/page_86769.html,91,7ca6c1b6-e474-4220-8700-cbe1873c757c,2025-10-27
pub_apa.94,S12000021,North Ayrshire,Largs A,,,,95,377f76d6-e735-4f0c-a817-8689a80d3126,2025-10-27
pub_apa.68,S12000020,Moray,Forres,,1998-06-01,http://www.moray.gov.uk/moray_standard/page_86769.html,89,7ca6c1b6-e474-4220-8700-cbe1873c757c,2025-10-27
pub_apa.69,S12000020,Moray,Keith,,2003-03-03,http://www.moray.gov.uk/moray_standard/page_86769.html,92,7ca6c1b6-e474-4220-8700-cbe1873c757c,2025-10-27
pub_apa.70,S12000020,Moray,Lossiemouth,,2009-08-03,http://www.moray.gov.uk/moray_standard/page_86769.html,93,7ca6c1b6-e474-4220-8700-cbe1873c757c,2025-10-27
pub_apa.71,S12000013,Na h-Eileanan an Iar,Stornoway,2010 Stornoway Byelaws,,,21,fe5407e0-5515-449b-87f9-93fb201f79b0,2019-04-02
pub_apa.72,S12000021,North Ayrshire,Ardrossan,,,,129,377f76d6-e735-4f0c-a817-8689a80d3126,2025-10-27
pub_apa.73,S12000021,North Ayrshire,Barmill,,,,101,377f76d6-e735-4f0c-a817-8689a80d3126,2025-10-27
pub_apa.75,S12000021,North Ayrshire,Blackwaterfoot,,,,121,377f76d6-e735-4f0c-a817-8689a80d3126,2025-10-27
pub_apa.76,S12000021,North Ayrshire,Brodick,,,,119,377f76d6-e735-4f0c-a817-8689a80d3126,2025-10-27
pub_apa.77,S12000021,North Ayrshire,Burnhouse,,,,100,377f76d6-e735-4f0c-a817-8689a80d3126,2025-10-27
pub_apa.79,S12000021,North Ayrshire,Corrie,,,,118,377f76d6-e735-4f0c-a817-8689a80d3126,2025-10-27
pub_apa.81,S12000021,North Ayrshire,Dalry,,,,99,377f76d6-e735-4f0c-a817-8689a80d3126,2025-10-27
pub_apa.82,S12000021,North Ayrshire,Dreghorn,,,,110,377f76d6-e735-4f0c-a817-8689a80d3126,2025-10-27
pub_apa.173,S12000038,Renfrewshire,Howwood,,,,25,1e9a3cf0-7d12-4a79-baa5-f2396a76ea59,2025-10-27
pub_apa.83,S12000021,North Ayrshire,Drybridge,,,,109,377f76d6-e735-4f0c-a817-8689a80d3126,2025-10-27
pub_apa.84,S12000021,North Ayrshire,Fairlie,,,,130,377f76d6-e735-4f0c-a817-8689a80d3126,2025-10-27
pub_apa.85,S12000021,North Ayrshire,Gateside,,,,102,377f76d6-e735-4f0c-a817-8689a80d3126,2025-10-27
pub_apa.99,S12000021,North Ayrshire,Pirnmill,,,,116,377f76d6-e735-4f0c-a817-8689a80d3126,2025-10-27
pub_apa.100,S12000021,North Ayrshire,Saltcoats,,,,128,377f76d6-e735-4f0c-a817-8689a80d3126,2025-10-27
pub_apa.86,S12000021,North Ayrshire,Girdle Toll,,,,111,377f76d6-e735-4f0c-a817-8689a80d3126,2025-10-27
pub_apa.87,S12000021,North Ayrshire,Glengarnuck,,,,108,377f76d6-e735-4f0c-a817-8689a80d3126,2025-10-27
pub_apa.88,S12000021,North Ayrshire,Irvine,,,,113,377f76d6-e735-4f0c-a817-8689a80d3126,2025-10-27
pub_apa.209,S12000028,South Ayrshire,St. Quivox,,,,135,7b34f4fc-e7b3-4b3b-8f10-3d2e04d6c594,2025-10-27
pub_apa.89,S12000021,North Ayrshire,Kilbirnie,,,,107,377f76d6-e735-4f0c-a817-8689a80d3126,2025-10-27
pub_apa.101,S12000021,North Ayrshire,Sannox,,,,117,377f76d6-e735-4f0c-a817-8689a80d3126,2025-10-27
pub_apa.90,S12000021,North Ayrshire,Kildonan,,,,124,377f76d6-e735-4f0c-a817-8689a80d3126,2025-10-27
pub_apa.91,S12000021,North Ayrshire,Kilwinning,,,,112,377f76d6-e735-4f0c-a817-8689a80d3126,2025-10-27
pub_apa.92,S12000021,North Ayrshire,Lagg,,,,123,377f76d6-e735-4f0c-a817-8689a80d3126,2025-10-27
pub_apa.93,S12000021,North Ayrshire,Lamlash,,,,122,377f76d6-e735-4f0c-a817-8689a80d3126,2025-10-27
pub_apa.95,S12000021,North Ayrshire,Largs B,,,,96,377f76d6-e735-4f0c-a817-8689a80d3126,2025-10-27
pub_apa.96,S12000021,North Ayrshire,Lochranza,,,,114,377f76d6-e735-4f0c-a817-8689a80d3126,2025-10-27
pub_apa.97,S12000021,North Ayrshire,Longbar,,,,103,377f76d6-e735-4f0c-a817-8689a80d3126,2025-10-27
pub_apa.98,S12000021,North Ayrshire,Millport,,,,97,377f76d6-e735-4f0c-a817-8689a80d3126,2025-10-27
pub_apa.197,S12000028,South Ayrshire,Kirkmichael,,,,144,7b34f4fc-e7b3-4b3b-8f10-3d2e04d6c594,2025-10-27
pub_apa.102,S12000021,North Ayrshire,Shiskine,,,,120,377f76d6-e735-4f0c-a817-8689a80d3126,2025-10-27
pub_apa.103,S12000021,North Ayrshire,Skelmorlie,,,,94,377f76d6-e735-4f0c-a817-8689a80d3126,2025-10-27
pub_apa.192,S12000028,South Ayrshire,Dailly,,,,138,7b34f4fc-e7b3-4b3b-8f10-3d2e04d6c594,2025-10-27
pub_apa.105,S12000021,North Ayrshire,Stevenston,,,,127,377f76d6-e735-4f0c-a817-8689a80d3126,2025-10-27
pub_apa.106,S12000021,North Ayrshire,Torranyard,,,,126,377f76d6-e735-4f0c-a817-8689a80d3126,2025-10-27
pub_apa.111,S12000050,North Lanarkshire,Annathill,,,,69,41a9661e-5549-456f-8de8-8aa4e07db0b0,2025-10-27
pub_apa.198,S12000028,South Ayrshire,Kirkoswald,,,,143,7b34f4fc-e7b3-4b3b-8f10-3d2e04d6c594,2025-10-27
pub_apa.107,S12000021,North Ayrshire,West Kilbride,,,,98,377f76d6-e735-4f0c-a817-8689a80d3126,2025-10-27
pub_apa.108,S12000021,North Ayrshire,Whiting Bay,,,,125,377f76d6-e735-4f0c-a817-8689a80d3126,2025-10-27
pub_apa.109,S12000050,North Lanarkshire,Airdrie (including Gartness),,,,74,41a9661e-5549-456f-8de8-8aa4e07db0b0,2025-10-27
pub_apa.110,S12000050,North Lanarkshire,Allanton,,,,57,41a9661e-5549-456f-8de8-8aa4e07db0b0,2025-10-27
pub_apa.112,S12000050,North Lanarkshire,Auchinloch,,,,46,41a9661e-5549-456f-8de8-8aa4e07db0b0,2025-10-27
pub_apa.113,S12000050,North Lanarkshire,Banton,,,,75,41a9661e-5549-456f-8de8-8aa4e07db0b0,2025-10-27
pub_apa.114,S12000050,North Lanarkshire,Bellshill & Mossend,,,,72,41a9661e-5549-456f-8de8-8aa4e07db0b0,2025-10-27
pub_apa.115,S12000050,North Lanarkshire,Caldercruix,,,,51,41a9661e-5549-456f-8de8-8aa4e07db0b0,2025-10-27
pub_apa.116,S12000050,North Lanarkshire,Carfin & Newarthill,,,,76,41a9661e-5549-456f-8de8-8aa4e07db0b0,2025-10-27
pub_apa.117,S12000050,North Lanarkshire,Castlecary,,,,65,41a9661e-5549-456f-8de8-8aa4e07db0b0,2025-10-27
pub_apa.118,S12000050,North Lanarkshire,Chapelhall & Calderbank,,,,55,41a9661e-5549-456f-8de8-8aa4e07db0b0,2025-10-27
pub_apa.122,S12000050,North Lanarkshire,Croy,,,,64,41a9661e-5549-456f-8de8-8aa4e07db0b0,2025-10-27
pub_apa.123,S12000050,North Lanarkshire,Cumbernauld (including Dullatur),,,,77,41a9661e-5549-456f-8de8-8aa4e07db0b0,2025-10-27
pub_apa.119,S12000050,North Lanarkshire,"Chryston, Muirhead & Mount Ellen",,,,47,41a9661e-5549-456f-8de8-8aa4e07db0b0,2025-10-27
pub_apa.120,S12000050,North Lanarkshire,"Cleland, Knownoble & Bellside",,,,48,41a9661e-5549-456f-8de8-8aa4e07db0b0,2025-10-27
pub_apa.121,S12000050,North Lanarkshire,Coatbridge & Bargeddie,,,,83,41a9661e-5549-456f-8de8-8aa4e07db0b0,2025-10-27
pub_apa.174,S12000038,Renfrewshire,Johnstone and Elderslie,,,,23,1e9a3cf0-7d12-4a79-baa5-f2396a76ea59,2025-10-27
pub_apa.124,S12000050,North Lanarkshire,Gartcosh,,,,71,41a9661e-5549-456f-8de8-8aa4e07db0b0,2025-10-27
pub_apa.175,S12000038,Renfrewshire,Kilbarchan and Brookfield,,,,26,1e9a3cf0-7d12-4a79-baa5-f2396a76ea59,2025-10-27
pub_apa.125,S12000050,North Lanarkshire,Glenboig,,,,54,41a9661e-5549-456f-8de8-8aa4e07db0b0,2025-10-27
pub_apa.126,S12000050,North Lanarkshire,Glenmavis,,,,53,41a9661e-5549-456f-8de8-8aa4e07db0b0,2025-10-27
pub_apa.127,S12000050,North Lanarkshire,Greengairs & Wattston,,,,61,41a9661e-5549-456f-8de8-8aa4e07db0b0,2025-10-27
pub_apa.176,S12000038,Renfrewshire,Langbank,,,,18,1e9a3cf0-7d12-4a79-baa5-f2396a76ea59,2025-10-27
pub_apa.128,S12000050,North Lanarkshire,Harthill & Eastfield,,,,62,41a9661e-5549-456f-8de8-8aa4e07db0b0,2025-10-27
pub_apa.129,S12000050,North Lanarkshire,Hartwood & Hartwoodhill,,,,58,41a9661e-5549-456f-8de8-8aa4e07db0b0,2025-10-27
pub_apa.130,S12000050,North Lanarkshire,Holytown,,,,49,41a9661e-5549-456f-8de8-8aa4e07db0b0,2025-10-27
pub_apa.131,S12000050,North Lanarkshire,Kilsyth,,,,78,41a9661e-5549-456f-8de8-8aa4e07db0b0,2025-10-27
pub_apa.182,S12000028,South Ayrshire,Annbank,,,,136,7b34f4fc-e7b3-4b3b-8f10-3d2e04d6c594,2025-10-27
pub_apa.132,S12000050,North Lanarkshire,Longriggend,,,,67,41a9661e-5549-456f-8de8-8aa4e07db0b0,2025-10-27
pub_apa.133,S12000050,North Lanarkshire,Luggiebank,,,,60,41a9661e-5549-456f-8de8-8aa4e07db0b0,2025-10-27
pub_apa.134,S12000050,North Lanarkshire,Mollinsburn,,,,50,41a9661e-5549-456f-8de8-8aa4e07db0b0,2025-10-27
pub_apa.183,S12000028,South Ayrshire,Ayr,,,,155,7b34f4fc-e7b3-4b3b-8f10-3d2e04d6c594,2025-10-27
pub_apa.135,S12000050,North Lanarkshire,Moodiesburn,,,,56,41a9661e-5549-456f-8de8-8aa4e07db0b0,2025-10-27
pub_apa.140,S12000050,North Lanarkshire,Overtown,,,,59,41a9661e-5549-456f-8de8-8aa4e07db0b0,2025-10-27
pub_apa.136,S12000050,North Lanarkshire,Morningside,,,,85,41a9661e-5549-456f-8de8-8aa4e07db0b0,2025-10-27
pub_apa.137,S12000050,North Lanarkshire,Motherwell,,,,86,41a9661e-5549-456f-8de8-8aa4e07db0b0,2025-10-27
pub_apa.138,S12000050,North Lanarkshire,New Stevenston,,,,81,41a9661e-5549-456f-8de8-8aa4e07db0b0,2025-10-27
pub_apa.139,S12000050,North Lanarkshire,Newmains & Bonkle,,,,84,41a9661e-5549-456f-8de8-8aa4e07db0b0,2025-10-27
pub_apa.141,S12000050,North Lanarkshire,Palacerigg Country Park,,,,66,41a9661e-5549-456f-8de8-8aa4e07db0b0,2025-10-27
pub_apa.150,S12000050,North Lanarkshire,Upperton,,,,68,41a9661e-5549-456f-8de8-8aa4e07db0b0,2025-10-27
pub_apa.151,S12000050,North Lanarkshire,Wishaw (including Waterloo),,,,80,41a9661e-5549-456f-8de8-8aa4e07db0b0,2025-10-27
pub_apa.185,S12000028,South Ayrshire,Barr,,,,158,7b34f4fc-e7b3-4b3b-8f10-3d2e04d6c594,2025-10-27
pub_apa.142,S12000050,North Lanarkshire,Plains,,,,52,41a9661e-5549-456f-8de8-8aa4e07db0b0,2025-10-27
pub_apa.143,S12000050,North Lanarkshire,Queenzieburn,,,,63,41a9661e-5549-456f-8de8-8aa4e07db0b0,2025-10-27
pub_apa.144,S12000050,North Lanarkshire,Salsburgh,,,,70,41a9661e-5549-456f-8de8-8aa4e07db0b0,2025-10-27
pub_apa.145,S12000050,North Lanarkshire,Shotts,,,,73,41a9661e-5549-456f-8de8-8aa4e07db0b0,2025-10-27
pub_apa.146,S12000050,North Lanarkshire,"Stepps, Millerston & Cardowan",,,,79,41a9661e-5549-456f-8de8-8aa4e07db0b0,2025-10-27
pub_apa.147,S12000050,North Lanarkshire,"Stepps, Millerston & Cardowan - 36A",,,,88,41a9661e-5549-456f-8de8-8aa4e07db0b0,2025-10-27
pub_apa.148,S12000050,North Lanarkshire,Strathclyde Country Park,,,,87,41a9661e-5549-456f-8de8-8aa4e07db0b0,2025-10-27
pub_apa.149,S12000050,North Lanarkshire,"Tannochside, Fallside & Viewpark",,,,82,41a9661e-5549-456f-8de8-8aa4e07db0b0,2025-10-27
pub_apa.152,S12000023,Orkney Islands,,The area covering The Orkney Islands Council Prohibition of Consumption of Alcohol in Designated Public places Byelaws (Kirkwall) 2011,,,23,09c40395-fcb5-4462-88c4-326902db86fe,2018-06-13
pub_apa.155,S12000048,Perth and Kinross,Blairgowrie,,,,27,3856849d-5152-44d1-9f16-322747509779,2019-03-22
pub_apa.153,S12000048,Perth and Kinross,Aberfeldy,,,,32,3856849d-5152-44d1-9f16-322747509779,2019-03-22
pub_apa.154,S12000048,Perth and Kinross,Alyth,,,,28,3856849d-5152-44d1-9f16-322747509779,2019-03-22
pub_apa.156,S12000048,Perth and Kinross,Blairgowrie Central,,,,36,3856849d-5152-44d1-9f16-322747509779,2019-03-22
pub_apa.158,S12000048,Perth and Kinross,Byelaw Boundary,,,,33,3856849d-5152-44d1-9f16-322747509779,2019-03-22
pub_apa.159,S12000048,Perth and Kinross,Byelaw Boundary,,,,34,3856849d-5152-44d1-9f16-322747509779,2019-03-22
pub_apa.162,S12000048,Perth and Kinross,Dunkeld,,,,31,3856849d-5152-44d1-9f16-322747509779,2019-03-22
pub_apa.160,S12000048,Perth and Kinross,Crieff,,,,26,3856849d-5152-44d1-9f16-322747509779,2019-03-22
pub_apa.161,S12000048,Perth and Kinross,Crieff Central,,,,38,3856849d-5152-44d1-9f16-322747509779,2019-03-22
pub_apa.168,S12000038,Renfrewshire,Bishopton,,,,19,1e9a3cf0-7d12-4a79-baa5-f2396a76ea59,2025-10-27
pub_apa.163,S12000048,Perth and Kinross,Perth,,,,29,3856849d-5152-44d1-9f16-322747509779,2019-03-22
pub_apa.164,S12000048,Perth and Kinross,Perth Goodlyburn,,,,25,3856849d-5152-44d1-9f16-322747509779,2019-03-22
pub_apa.165,S12000048,Perth and Kinross,Perth Lade,,,,35,3856849d-5152-44d1-9f16-322747509779,2019-03-22
pub_apa.166,S12000048,Perth and Kinross,Scone,,,,30,3856849d-5152-44d1-9f16-322747509779,2019-03-22
pub_apa.167,S12000048,Perth and Kinross,Scone West,,,,24,3856849d-5152-44d1-9f16-322747509779,2019-03-22
pub_apa.169,S12000038,Renfrewshire,Bridge of Weir,,,,27,1e9a3cf0-7d12-4a79-baa5-f2396a76ea59,2025-10-27
pub_apa.170,S12000038,Renfrewshire,Dargavel Village,,,,30,1e9a3cf0-7d12-4a79-baa5-f2396a76ea59,2025-10-27
pub_apa.171,S12000038,Renfrewshire,Erskine and Inchinnan,,,,20,1e9a3cf0-7d12-4a79-baa5-f2396a76ea59,2025-10-27
pub_apa.172,S12000038,Renfrewshire,Houston,,,,28,1e9a3cf0-7d12-4a79-baa5-f2396a76ea59,2025-10-27
pub_apa.177,S12000038,Renfrewshire,Linwood,,,,24,1e9a3cf0-7d12-4a79-baa5-f2396a76ea59,2025-10-27
pub_apa.178,S12000038,Renfrewshire,Lochwinnoch,,,,29,1e9a3cf0-7d12-4a79-baa5-f2396a76ea59,2025-10-27
pub_apa.184,S12000028,South Ayrshire,Ballantrae,,,,156,7b34f4fc-e7b3-4b3b-8f10-3d2e04d6c594,2025-10-27
pub_apa.179,S12000038,Renfrewshire,Paisley and Hillington,,,,22,1e9a3cf0-7d12-4a79-baa5-f2396a76ea59,2025-10-27
pub_apa.180,S12000038,Renfrewshire,Renfrew,,,,21,1e9a3cf0-7d12-4a79-baa5-f2396a76ea59,2025-10-27
pub_apa.181,S12000027,Shetland Islands,Lerwick,The Shetland Islands Council Prohibition of Consumption of Alcohol in Designated Places Byelaws 2005,2007-02-02,https://www.shetland.gov.uk/downloads/file/3075/lerwick-alcohol-byelaw,57,8e66f6cb-04c6-4fb8-a871-7f4f57caa4a8,2023-06-15
pub_apa.186,S12000028,South Ayrshire,Barrhill,,,,145,7b34f4fc-e7b3-4b3b-8f10-3d2e04d6c594,2025-10-27
pub_apa.187,S12000028,South Ayrshire,Colmonell,,,,139,7b34f4fc-e7b3-4b3b-8f10-3d2e04d6c594,2025-10-27
pub_apa.188,S12000028,South Ayrshire,Coylton,,,,131,7b34f4fc-e7b3-4b3b-8f10-3d2e04d6c594,2025-10-27
pub_apa.189,S12000028,South Ayrshire,Craigie,,,,141,7b34f4fc-e7b3-4b3b-8f10-3d2e04d6c594,2025-10-27
pub_apa.190,S12000028,South Ayrshire,Crosshill,,,,137,7b34f4fc-e7b3-4b3b-8f10-3d2e04d6c594,2025-10-27
pub_apa.191,S12000028,South Ayrshire,Culroy,,,,160,7b34f4fc-e7b3-4b3b-8f10-3d2e04d6c594,2025-10-27
pub_apa.193,S12000028,South Ayrshire,Dundonald,,,,134,7b34f4fc-e7b3-4b3b-8f10-3d2e04d6c594,2025-10-27
pub_apa.194,S12000028,South Ayrshire,Dunure,,,,163,7b34f4fc-e7b3-4b3b-8f10-3d2e04d6c594,2025-10-27
pub_apa.195,S12000028,South Ayrshire,Fisherton,,,,162,7b34f4fc-e7b3-4b3b-8f10-3d2e04d6c594,2025-10-27
pub_apa.196,S12000028,South Ayrshire,Girvan,,,,132,7b34f4fc-e7b3-4b3b-8f10-3d2e04d6c594,2025-10-27
pub_apa.199,S12000028,South Ayrshire,Lendalfoot,,,,146,7b34f4fc-e7b3-4b3b-8f10-3d2e04d6c594,2025-10-27
pub_apa.200,S12000028,South Ayrshire,Maidens,,,,161,7b34f4fc-e7b3-4b3b-8f10-3d2e04d6c594,2025-10-27
pub_apa.204,S12000028,South Ayrshire,Mossblown,,,,147,7b34f4fc-e7b3-4b3b-8f10-3d2e04d6c594,2025-10-27
pub_apa.205,S12000028,South Ayrshire,Old Dailly,,,,140,7b34f4fc-e7b3-4b3b-8f10-3d2e04d6c594,2025-10-27
pub_apa.206,S12000028,South Ayrshire,Pinmore,,,,151,7b34f4fc-e7b3-4b3b-8f10-3d2e04d6c594,2025-10-27
pub_apa.201,S12000028,South Ayrshire,Maybole,,,,149,7b34f4fc-e7b3-4b3b-8f10-3d2e04d6c594,2025-10-27
pub_apa.202,S12000028,South Ayrshire,Minishant,,,,159,7b34f4fc-e7b3-4b3b-8f10-3d2e04d6c594,2025-10-27
pub_apa.203,S12000028,South Ayrshire,Monkton,,,,154,7b34f4fc-e7b3-4b3b-8f10-3d2e04d6c594,2025-10-27
pub_apa.207,S12000028,South Ayrshire,Pinwherry,,,,152,7b34f4fc-e7b3-4b3b-8f10-3d2e04d6c594,2025-10-27
pub_apa.208,S12000028,South Ayrshire,Prestwick,,,,153,7b34f4fc-e7b3-4b3b-8f10-3d2e04d6c594,2025-10-27
pub_apa.210,S12000028,South Ayrshire,Straiton,,,,157,7b34f4fc-e7b3-4b3b-8f10-3d2e04d6c594,2025-10-27
pub_apa.211,S12000028,South Ayrshire,Symington,,,,142,7b34f4fc-e7b3-4b3b-8f10-3d2e04d6c594,2025-10-27
pub_apa.212,S12000028,South Ayrshire,Tarbolton,,,,150,7b34f4fc-e7b3-4b3b-8f10-3d2e04d6c594,2025-10-27
pub_apa.220,S12000030,Stirling,Cowie,,2017,,12,9fb4b395-59b2-4a43-8674-4c0e1e5d404d,2025-10-27
pub_apa.221,S12000030,Stirling,Doune and Deanston,,2017,,11,9fb4b395-59b2-4a43-8674-4c0e1e5d404d,2025-10-27
pub_apa.213,S12000028,South Ayrshire,Troon,,,,133,7b34f4fc-e7b3-4b3b-8f10-3d2e04d6c594,2025-10-27
pub_apa.214,S12000028,South Ayrshire,Turnberry,,,,148,7b34f4fc-e7b3-4b3b-8f10-3d2e04d6c594,2025-10-27
pub_apa.215,S12000030,Stirling,Arnprior,,2017,,6,9fb4b395-59b2-4a43-8674-4c0e1e5d404d,2025-10-27
pub_apa.216,S12000030,Stirling,Balfron,,2017,,8,9fb4b395-59b2-4a43-8674-4c0e1e5d404d,2025-10-27
pub_apa.217,S12000030,Stirling,Blanefield and Strathblane,,2017,,10,9fb4b395-59b2-4a43-8674-4c0e1e5d404d,2025-10-27
pub_apa.218,S12000030,Stirling,Buchlyvie,,2017,,5,9fb4b395-59b2-4a43-8674-4c0e1e5d404d,2025-10-27
pub_apa.219,S12000030,Stirling,Callander and Invertrossachs,,2020,,17,9fb4b395-59b2-4a43-8674-4c0e1e5d404d,2025-10-27
pub_apa.222,S12000030,Stirling,Drymen,,2017,,16,9fb4b395-59b2-4a43-8674-4c0e1e5d404d,2025-10-27
pub_apa.223,S12000030,Stirling,Fallin and Throsk,,2017,,14,9fb4b395-59b2-4a43-8674-4c0e1e5d404d,2025-10-27
pub_apa.224,S12000030,Stirling,Fintry,,2017,,9,9fb4b395-59b2-4a43-8674-4c0e1e5d404d,2025-10-27
pub_apa.225,S12000030,Stirling,Gargunnock,,2017,,4,9fb4b395-59b2-4a43-8674-4c0e1e5d404d,2025-10-27
pub_apa.226,S12000030,Stirling,Killearn,,2017,,7,9fb4b395-59b2-4a43-8674-4c0e1e5d404d,2025-10-27
pub_apa.227,S12000030,Stirling,Kippen,,2017,,3,9fb4b395-59b2-4a43-8674-4c0e1e5d404d,2025-10-27
pub_apa.228,S12000030,Stirling,Loch Lomond (East),,2017,,1,9fb4b395-59b2-4a43-8674-4c0e1e5d404d,2025-10-27
pub_apa.229,S12000030,Stirling,Plean,,2017,,13,9fb4b395-59b2-4a43-8674-4c0e1e5d404d,2025-10-27
pub_apa.230,S12000030,Stirling,"Stirling, Bridge of Allan, and Bannockburn",,2017,,15,9fb4b395-59b2-4a43-8674-4c0e1e5d404d,2025-10-27
pub_apa.231,S12000030,Stirling,Thornhill,,2017,,2,9fb4b395-59b2-4a43-8674-4c0e1e5d404d,2025-10-27
pub_apa.232,S12000039,West Dunbartonshire,0,,,,1,cf561278-01ec-409d-84df-adaeef4d9429,2017-03-27
